{"cameraMode":{"drawMode":0,"name":"Shaded","section":"Shading Mode"},"sceneLighting":false,"audioPlay":false,"sceneViewState":{"m_AlwaysRefresh":false,"showFog":true,"showSkybox":false,"showFlares":true,"showImageEffects":true,"showParticleSystems":true,"showVisualEffectGraphs":true,"m_FxEnabled":true},"in2DMode":false,"pivot":{"x":0.03689628839492798,"y":-22.26963996887207,"z":4.013396263122559},"rotation":{"x":-0.041379041969776157,"y":-0.02097480371594429,"z":0.0008764913654886186,"w":-0.9989332556724548},"size":4.1010823249816898,"orthographic":true}