{"cameraMode":{"drawMode":0,"name":"Shaded","section":"Shading Mode"},"sceneLighting":false,"audioPlay":false,"sceneViewState":{"m_AlwaysRefresh":false,"showFog":true,"showSkybox":false,"showFlares":true,"showImageEffects":true,"showParticleSystems":true,"showVisualEffectGraphs":true,"m_FxEnabled":true},"in2DMode":false,"pivot":{"x":-9.411203384399414,"y":-22.683185577392579,"z":2.7957582473754885},"rotation":{"x":-0.19665487110614777,"y":0.09543387591838837,"z":-0.019228577613830568,"w":-0.9756373763084412},"size":3.541898250579834,"orthographic":true}