{"cameraMode":{"drawMode":0,"name":"Shaded","section":"Shading Mode"},"sceneLighting":false,"audioPlay":false,"sceneViewState":{"m_AlwaysRefresh":false,"showFog":true,"showSkybox":false,"showFlares":true,"showImageEffects":true,"showParticleSystems":true,"showVisualEffectGraphs":true,"m_FxEnabled":true},"in2DMode":false,"pivot":{"x":2.319999933242798,"y":2.8819241523742677,"z":3.8399999141693117},"rotation":{"x":-0.05887054279446602,"y":-0.47265228629112246,"z":0.031674280762672427,"w":-0.8787233829498291},"size":1.520566463470459,"orthographic":true}